{
  "auc": 0.8035714285714286,
  "precision": 0.6122448979591837,
  "recall": 0.5
}